{
  "seeds": [
    42,
    123,
    7
  ],
  "val_period": "2025-12",
  "baseline": {
    "n": 3,
    "mean": 0.5697345159282166,
    "std": 0.0009765454743839502,
    "min": 0.5687193692733858,
    "max": 0.5706672351311021,
    "values": [
      0.5706672351311021,
      0.5687193692733858,
      0.5698169433801618
    ],
    "seeds": [
      42,
      123,
      7
    ]
  },
  "R1_lambdarank": {
    "n": 3,
    "mean": 0.5758221251421412,
    "std": 0.0032610100548305485,
    "min": 0.5738648475804733,
    "max": 0.5795866183677818,
    "values": [
      0.5795866183677818,
      0.5740149094781682,
      0.5738648475804733
    ],
    "seeds": [
      42,
      123,
      7
    ]
  },
  "delta": 0.006087609213924594,
  "delta_pp": 0.6087609213924594,
  "std_pooled": 0.0024070550098871557,
  "std_pooled_pp": 0.24070550098871557,
  "verdict": "go"
}